vintage_year,fico_band,observed_rows,active_n,d30_n,pct_30_plus
2021,680-739,13462,13390,165,1.232
2021,740-799,24036,23937,108,0.451
2021,800+,6281,6250,11,0.176
2021,<680,3758,3723,127,3.411
2021,Missing,7,7,0,0.0
2022,680-739,15063,14982,327,2.183
2022,740-799,23331,23249,142,0.611
2022,800+,4550,4532,17,0.375
2022,<680,5090,5050,288,5.703
2022,Missing,7,7,0,0.0
2023,680-739,13594,13461,326,2.422
2023,740-799,24186,23934,154,0.643
2023,800+,5091,5036,9,0.179
2023,<680,3783,3721,210,5.644
2023,Missing,14,14,0,0.0
