vintage_year,month_on_book,observed_rows,active_n,d30_n,d60_n,d90_n,exit_n,unknown_n,pct_30_plus,pct_60_plus,pct_90_plus
2021,1,49490,49411,325,0,0,79,0,0.658,0.0,0.0
2021,2,49746,49651,318,44,0,95,0,0.64,0.089,0.0
2021,3,49757,49599,235,60,21,158,0,0.474,0.121,0.042
2021,4,49640,49448,250,58,32,192,0,0.506,0.117,0.065
2021,5,49450,49234,273,78,39,216,0,0.554,0.158,0.079
2021,6,49236,48944,342,96,46,292,0,0.699,0.196,0.094
2021,7,48944,48629,331,102,63,315,0,0.681,0.21,0.13
2021,8,48630,48314,329,106,73,316,0,0.681,0.219,0.151
2021,9,48315,48042,337,125,81,273,0,0.701,0.26,0.169
2021,10,48042,47798,357,144,94,244,0,0.747,0.301,0.197
2021,11,47798,47544,404,133,104,254,0,0.85,0.28,0.219
2021,12,47544,47307,411,146,101,236,0,0.869,0.309,0.213
2021,13,47308,47116,491,160,109,191,0,1.042,0.34,0.231
2021,14,47117,46925,458,182,119,191,0,0.976,0.388,0.254
2021,15,46926,46746,456,188,139,179,0,0.975,0.402,0.297
2021,16,46747,46562,477,213,147,184,0,1.024,0.457,0.316
2021,17,46563,46412,470,210,154,150,0,1.013,0.452,0.332
2021,18,46413,46215,485,211,158,197,0,1.049,0.457,0.342
2021,19,46216,46064,478,221,149,151,0,1.038,0.48,0.323
2021,20,46065,45929,517,235,158,135,0,1.126,0.512,0.344
2021,21,45930,45778,506,228,156,151,0,1.105,0.498,0.341
2021,22,45779,45624,515,230,163,155,0,1.129,0.504,0.357
2021,23,45624,45454,501,216,154,169,0,1.102,0.475,0.339
2021,24,45455,45296,533,211,148,158,0,1.177,0.466,0.327
2022,1,49388,49288,376,0,0,100,0,0.763,0.0,0.0
2022,2,49729,49611,356,48,0,118,0,0.718,0.097,0.0
2022,3,49699,49553,341,79,23,146,0,0.688,0.159,0.046
2022,4,49577,49407,379,92,43,170,0,0.767,0.186,0.087
2022,5,49408,49225,404,125,58,183,0,0.821,0.254,0.118
2022,6,49225,49000,453,145,81,225,0,0.924,0.296,0.165
2022,7,49000,48780,483,174,104,220,0,0.99,0.357,0.213
2022,8,48780,48600,573,204,131,180,0,1.179,0.42,0.27
2022,9,48600,48430,666,244,146,170,0,1.375,0.504,0.301
2022,10,48430,48259,687,267,169,171,0,1.424,0.553,0.35
2022,11,48259,48041,692,292,194,218,0,1.44,0.608,0.404
2022,12,48041,47820,774,337,228,221,0,1.619,0.705,0.477
2022,13,47820,47591,863,355,238,228,0,1.813,0.746,0.5
2022,14,47592,47398,845,383,256,192,0,1.783,0.808,0.54
2022,15,47400,47190,897,412,272,208,0,1.901,0.873,0.576
2022,16,47192,46967,893,423,294,223,0,1.901,0.901,0.626
2022,17,46969,46744,946,444,307,221,0,2.024,0.95,0.657
2022,18,46748,46521,936,466,322,223,0,2.012,1.002,0.692
2022,19,46525,46335,969,444,323,186,0,2.091,0.958,0.697
2022,20,46339,46127,996,475,323,208,0,2.159,1.03,0.7
2022,21,46131,45878,1023,458,326,246,0,2.23,0.998,0.711
2022,22,45885,45618,1061,473,331,260,0,2.326,1.037,0.726
2022,23,45625,45352,1060,506,351,266,0,2.337,1.116,0.774
2022,24,45357,45087,1117,527,374,264,0,2.477,1.169,0.83
2023,1,49530,49377,272,0,0,153,0,0.551,0.0,0.0
2023,2,49694,49525,272,31,0,169,0,0.549,0.063,0.0
2023,3,49578,49374,313,54,16,204,0,0.634,0.109,0.032
2023,4,49392,49159,333,87,38,233,0,0.677,0.177,0.077
2023,5,49164,48917,387,115,55,247,0,0.791,0.235,0.112
2023,6,48918,48623,406,134,71,295,0,0.835,0.276,0.146
2023,7,48623,48350,455,154,84,273,0,0.941,0.319,0.174
2023,8,48350,48048,521,197,118,302,0,1.084,0.41,0.246
2023,9,48048,47648,596,222,141,400,0,1.251,0.466,0.296
2023,10,47650,47177,613,262,156,472,0,1.299,0.555,0.331
2023,11,47178,46667,663,271,189,509,0,1.421,0.581,0.405
2023,12,46668,46166,699,325,201,501,0,1.514,0.704,0.435
2023,13,46164,45712,819,351,239,450,0,1.792,0.768,0.523
2023,14,45714,45292,844,385,260,419,0,1.863,0.85,0.574
2023,15,45295,44882,859,406,278,408,0,1.914,0.905,0.619
2023,16,44883,44440,892,436,300,438,0,2.007,0.981,0.675
2023,17,44443,44005,909,452,320,434,0,2.066,1.027,0.727
2023,18,44006,43599,914,456,331,399,0,2.096,1.046,0.759
2023,19,43602,43217,959,490,343,375,0,2.219,1.134,0.794
2023,20,43222,42781,958,513,367,429,0,2.239,1.199,0.858
2023,21,42791,42329,968,512,364,452,0,2.287,1.21,0.86
2023,22,42339,41858,989,517,379,468,0,2.363,1.235,0.905
2023,23,41869,41251,976,514,393,603,0,2.366,1.246,0.953
2023,24,41263,40676,997,535,391,568,0,2.451,1.315,0.961
